model,variable,lead_h,crps,rmse,spread,spread_skill,n_inits
mme4,u10,6,0.0,0.0,0.0,0.0,0
mme4,v10,6,0.0,0.0,0.0,0.0,0
mme4,t2m,6,0.0,0.0,0.0,0.0,0
mme4,msl,6,0.0,0.0,0.0,0.0,0
mme4,u850,6,0.0,0.0,0.0,0.0,0
mme4,v850,6,0.0,0.0,0.0,0.0,0
mme4,t850,6,0.0,0.0,0.0,0.0,0
mme4,z500,6,0.0,0.0,0.0,0.0,0
mme4,wind_speed,6,0.0,0.0,0.0,0.0,0
mme4,u10,12,0.1393542785182785,0.2811293613515506,0.22045337412897395,0.7841705792277539,181
mme4,v10,12,0.1478391564258639,0.2954081754658104,0.22200190098904773,0.7515089947628804,181
mme4,t2m,12,0.09587228072070919,0.30853318772921906,0.3358033409764095,1.0883864502483402,181
mme4,msl,12,12.994578728867648,26.686018685609596,23.65720993379203,0.8865020373589542,181
mme4,u850,12,0.24730471979580748,0.47178003191947937,0.3276820805191335,0.694565387148603,181
mme4,v850,12,0.26101672954391447,0.4945686958442077,0.33638880957556033,0.6801659959520061,181
mme4,t850,12,0.12637942358423476,0.265350890340726,0.22251155198608313,0.838555889902481,181
mme4,z500,12,10.562608374023137,20.989263650462114,17.965949991131357,0.8559590412661192,181
mme4,wind_speed,12,0.13339563139963254,0.2687664940870928,0.21369565208313873,0.795097814588047,181
mme4,u10,18,0.0,0.0,0.0,0.0,0
mme4,v10,18,0.0,0.0,0.0,0.0,0
mme4,t2m,18,0.0,0.0,0.0,0.0,0
mme4,msl,18,0.0,0.0,0.0,0.0,0
mme4,u850,18,0.0,0.0,0.0,0.0,0
mme4,v850,18,0.0,0.0,0.0,0.0,0
mme4,t850,18,0.0,0.0,0.0,0.0,0
mme4,z500,18,0.0,0.0,0.0,0.0,0
mme4,wind_speed,18,0.0,0.0,0.0,0.0,0
mme4,u10,24,0.19418285024452617,0.38450740170742265,0.2735005706877998,0.7113011855514564,181
mme4,v10,24,0.20730327497021506,0.40893879730398486,0.28726866297958964,0.702473487165974,181
mme4,t2m,24,0.1297660522267369,0.3569351778833906,0.35322629088196306,0.9896090740525463,181
mme4,msl,24,17.44326122111455,36.53067172561561,31.41895393245128,0.8600705228866637,181
mme4,u850,24,0.3246113535371396,0.614201955703082,0.40208662165462644,0.6546488787948495,181
mme4,v850,24,0.3396393586431156,0.6461833455285974,0.4266799154861197,0.6603078188854941,181
mme4,t850,24,0.17190125652678745,0.3535392584063072,0.26117010134689056,0.7387301272401811,181
mme4,z500,24,14.44949886622148,29.77487629421508,26.10940220869707,0.8768937257942472,181
mme4,wind_speed,24,0.1859206049500774,0.3678696079807387,0.2637746166952407,0.7170329132192179,181
mme4,u10,30,0.0,0.0,0.0,0.0,0
mme4,v10,30,0.0,0.0,0.0,0.0,0
mme4,t2m,30,0.0,0.0,0.0,0.0,0
mme4,msl,30,0.0,0.0,0.0,0.0,0
mme4,u850,30,0.0,0.0,0.0,0.0,0
mme4,v850,30,0.0,0.0,0.0,0.0,0
mme4,t850,30,0.0,0.0,0.0,0.0,0
mme4,z500,30,0.0,0.0,0.0,0.0,0
mme4,wind_speed,30,0.0,0.0,0.0,0.0,0
mme4,u10,36,0.2375328752681555,0.4773524385460174,0.32900516795848617,0.6892290504697394,181
mme4,v10,36,0.252125176949673,0.508466263666996,0.34791620429708153,0.6842463879273971,181
mme4,t2m,36,0.1544870648990322,0.40888650377810987,0.38772330116171866,0.9482418656012285,181
mme4,msl,36,22.759775215421918,49.12249416541,40.43675059113055,0.8231819511234104,181
mme4,u850,36,0.39206239990398856,0.7480881102177319,0.4882813341380483,0.6527056471943304,181
mme4,v850,36,0.417311373184501,0.7972188203374325,0.5116211813128455,0.6417575303808002,181
mme4,t850,36,0.2049652282078021,0.4265712632988039,0.30996235085455753,0.7266367369839343,181
mme4,z500,36,19.710844608597245,42.0577519032178,35.02763730254621,0.8328461631318501,181
mme4,wind_speed,36,0.22707772886204772,0.4565362747532228,0.3189784288406372,0.6986924073296444,181
mme4,u10,42,0.0,0.0,0.0,0.0,0
mme4,v10,42,0.0,0.0,0.0,0.0,0
mme4,t2m,42,0.0,0.0,0.0,0.0,0
mme4,msl,42,0.0,0.0,0.0,0.0,0
mme4,u850,42,0.0,0.0,0.0,0.0,0
mme4,v850,42,0.0,0.0,0.0,0.0,0
mme4,t850,42,0.0,0.0,0.0,0.0,0
mme4,z500,42,0.0,0.0,0.0,0.0,0
mme4,wind_speed,42,0.0,0.0,0.0,0.0,0
mme4,u10,48,0.28679946289281577,0.5861240911878933,0.4012779165368054,0.6846296246304062,181
mme4,v10,48,0.3069157721727415,0.6281094169089807,0.42778447994869717,0.6810668148455532,181
mme4,t2m,48,0.1789994843814737,0.4589311520039047,0.4023836217203193,0.8767842844473013,181
mme4,msl,48,28.63376613888785,64.0886408558208,51.78908652627007,0.8080852680708139,181
mme4,u850,48,0.4595697366391467,0.889000274858422,0.5792980971257331,0.6516287041845846,181
mme4,v850,48,0.4840147779539289,0.9494165445559591,0.6207290298372342,0.6538005192731798,181
mme4,t850,48,0.2408837323597186,0.4990690562935824,0.3526990942204196,0.7067140103612051,181
mme4,z500,48,25.5508499975968,56.80708721856386,46.501699184185895,0.8185897475304756,181
mme4,wind_speed,48,0.27394633380320876,0.5574577618699047,0.38387755745023655,0.6886217821464705,181
mme4,u10,54,0.0,0.0,0.0,0.0,0
mme4,v10,54,0.0,0.0,0.0,0.0,0
mme4,t2m,54,0.0,0.0,0.0,0.0,0
mme4,msl,54,0.0,0.0,0.0,0.0,0
mme4,u850,54,0.0,0.0,0.0,0.0,0
mme4,v850,54,0.0,0.0,0.0,0.0,0
mme4,t850,54,0.0,0.0,0.0,0.0,0
mme4,z500,54,0.0,0.0,0.0,0.0,0
mme4,wind_speed,54,0.0,0.0,0.0,0.0,0
mme4,u10,60,0.3344410900868128,0.7019526671968113,0.48199578395205966,0.6866499786614804,181
mme4,v10,60,0.359307382530724,0.7609448228751757,0.5138786058070252,0.6753165148891762,181
mme4,t2m,60,0.19673088435517838,0.5074416212943378,0.45102856386432333,0.8888284778727433,181
mme4,msl,60,35.73426252838024,82.75459782721587,64.72477975076075,0.7821291076285602,181
mme4,u850,60,0.5346597460414625,1.0542425740489643,0.7024590396090765,0.6663163269068005,181
mme4,v850,60,0.5740770469663024,1.145182351710388,0.7425076530124601,0.6483750399257264,181
mme4,t850,60,0.2712285914127755,0.5783067279757715,0.4185488301416787,0.7237488514213067,181
mme4,z500,60,33.09195314259051,75.79522705078125,59.658006552174605,0.7870945028267409,181
mme4,wind_speed,60,0.3167972783920748,0.6609662036869407,0.4556933700709053,0.6894352049000366,181
mme4,u10,66,0.0,0.0,0.0,0.0,0
mme4,v10,66,0.0,0.0,0.0,0.0,0
mme4,t2m,66,0.0,0.0,0.0,0.0,0
mme4,msl,66,0.0,0.0,0.0,0.0,0
mme4,u850,66,0.0,0.0,0.0,0.0,0
mme4,v850,66,0.0,0.0,0.0,0.0,0
mme4,t850,66,0.0,0.0,0.0,0.0,0
mme4,z500,66,0.0,0.0,0.0,0.0,0
mme4,wind_speed,66,0.0,0.0,0.0,0.0,0
mme4,u10,72,0.396777784781461,0.846443388343516,0.5776041676984967,0.6823896029584023,181
mme4,v10,72,0.42556871726559237,0.914882139277063,0.6200272157705949,0.6777126682793683,181
mme4,t2m,72,0.22607707689037332,0.5738005335159724,0.47190561939998227,0.8224210188658638,181
mme4,msl,72,43.86900097127916,104.34844367938805,79.99071418382844,0.7665731405597285,181
mme4,u850,72,0.6175665419852154,1.239185750813774,0.8241620277831567,0.6650835254052341,181
mme4,v850,72,0.6555133978551819,1.3468157790642417,0.8863592822907379,0.6581147147730733,181
mme4,t850,72,0.31496231964529997,0.6724052616904453,0.4765056366749231,0.7086583996635821,181
mme4,z500,72,41.606536662108645,97.94682952712255,75.58202056463251,0.7716637784963017,181
mme4,wind_speed,72,0.36994007831240366,0.7808278937366128,0.5408320043297762,0.6926391957408844,181
mme4,u10,78,0.0,0.0,0.0,0.0,0
mme4,v10,78,0.0,0.0,0.0,0.0,0
mme4,t2m,78,0.0,0.0,0.0,0.0,0
mme4,msl,78,0.0,0.0,0.0,0.0,0
mme4,u850,78,0.0,0.0,0.0,0.0,0
mme4,v850,78,0.0,0.0,0.0,0.0,0
mme4,t850,78,0.0,0.0,0.0,0.0,0
mme4,z500,78,0.0,0.0,0.0,0.0,0
mme4,wind_speed,78,0.0,0.0,0.0,0.0,0
mme4,u10,84,0.45264626448613016,0.9925311797231601,0.684546460762867,0.6896976888462112,181
mme4,v10,84,0.48831696373898653,1.080679206558354,0.7348849019292969,0.6800213212852403,181
mme4,t2m,84,0.24589316585433,0.6358305601125264,0.5328025402943732,0.8379630890973222,181
mme4,msl,84,53.49277492743119,130.15301876173493,97.95860467563018,0.7526418181276182,181
mme4,u850,84,0.7083334128631127,1.4524525700353128,0.9830893956495254,0.6768478475174057,181
mme4,v850,84,0.7588765283921792,1.5811603576438862,1.0473095728547535,0.6623677148188607,181
mme4,t850,84,0.3533807671781852,0.7758899284989794,0.5594488332943363,0.721041494090063,181
mme4,z500,84,51.62417596834571,124.76232159862202,94.26934515178533,0.7555914633831767,181
mme4,wind_speed,84,0.4206372198706119,0.9066336988085542,0.6319273667440889,0.6970040575091478,181
mme4,u10,90,0.0,0.0,0.0,0.0,0
mme4,v10,90,0.0,0.0,0.0,0.0,0
mme4,t2m,90,0.0,0.0,0.0,0.0,0
mme4,msl,90,0.0,0.0,0.0,0.0,0
mme4,u850,90,0.0,0.0,0.0,0.0,0
mme4,v850,90,0.0,0.0,0.0,0.0,0
mme4,t850,90,0.0,0.0,0.0,0.0,0
mme4,z500,90,0.0,0.0,0.0,0.0,0
mme4,wind_speed,90,0.0,0.0,0.0,0.0,0
mme4,u10,96,0.5254100938523198,1.1638692377021957,0.8048306759549768,0.6915129723197584,181
mme4,v10,96,0.56556533422869,1.264208792322907,0.8690566265780623,0.6874312470025014,181
mme4,t2m,96,0.28231944882439813,0.7223838689577514,0.565841667065963,0.7832977609014913,181
mme4,msl,96,64.81116799686231,159.57480419011407,118.06334559825244,0.7398620740752673,181
mme4,u850,96,0.8036935510847205,1.674122724085223,1.1404270743796838,0.6812087656254937,181
mme4,v850,96,0.8534274091637781,1.8223962243749292,1.2262328125495279,0.6728683895128889,181
mme4,t850,96,0.40487107368902214,0.8931335088956421,0.6363771090191372,0.7125218152502377,181
mme4,z500,96,63.22846213952732,155.27051059448917,115.27387785516392,0.7424067674783262,181
mme4,wind_speed,96,0.4822595116738167,1.0454789680012024,0.7330393544218158,0.7011516987503594,181
mme4,u10,102,0.0,0.0,0.0,0.0,0
mme4,v10,102,0.0,0.0,0.0,0.0,0
mme4,t2m,102,0.0,0.0,0.0,0.0,0
mme4,msl,102,0.0,0.0,0.0,0.0,0
mme4,u850,102,0.0,0.0,0.0,0.0,0
mme4,v850,102,0.0,0.0,0.0,0.0,0
mme4,t850,102,0.0,0.0,0.0,0.0,0
mme4,z500,102,0.0,0.0,0.0,0.0,0
mme4,wind_speed,102,0.0,0.0,0.0,0.0,0
mme4,u10,108,0.5915926398152451,1.336137716941412,0.9252038265460104,0.6924464557919365,181
mme4,v10,108,0.6378497465595582,1.4503331612486865,1.0023232408650014,0.6910986162669244,181
mme4,t2m,108,0.3045848941725297,0.7974078806724337,0.6400178950794494,0.8026229870461509,181
mme4,msl,108,77.11852461164175,192.2074191267319,140.40178098731278,0.730470143271311,181
mme4,u850,108,0.9153641865802524,1.9298285845234908,1.3193259291885966,0.683649283552488,181
mme4,v850,108,0.9731357650037732,2.093480931461187,1.4168460566694565,0.6767895686924363,181
mme4,t850,108,0.4527200547355904,1.02207346120592,0.739590643519196,0.7236178920510966,181
mme4,z500,108,76.26803445225015,189.12416270556372,138.3759454969543,0.7316671942779922,181
mme4,wind_speed,108,0.5353184644456647,1.1759048904503249,0.8348194383784552,0.7099378913704087,181
mme4,u10,114,0.0,0.0,0.0,0.0,0
mme4,v10,114,0.0,0.0,0.0,0.0,0
mme4,t2m,114,0.0,0.0,0.0,0.0,0
mme4,msl,114,0.0,0.0,0.0,0.0,0
mme4,u850,114,0.0,0.0,0.0,0.0,0
mme4,v850,114,0.0,0.0,0.0,0.0,0
mme4,t850,114,0.0,0.0,0.0,0.0,0
mme4,z500,114,0.0,0.0,0.0,0.0,0
mme4,wind_speed,114,0.0,0.0,0.0,0.0,0
mme4,u10,120,0.6747323140447224,1.5219570273193865,1.057602369653586,0.6948963411380507,181
mme4,v10,120,0.7222554935668708,1.642834303128785,1.144683680810981,0.6967736664805002,181
mme4,t2m,120,0.3480370588628619,0.9051328446325018,0.6918711609603292,0.7643863163989368,181
mme4,msl,120,90.24858730374679,225.86315698781723,164.1793721235918,0.7268975352737473,181
mme4,u850,120,1.0210885519912674,2.172205230149116,1.494688498381093,0.6880972744359365,181
mme4,v850,120,1.075407252874712,2.3512029134107557,1.6055380369418233,0.682858135205677,181
mme4,t850,120,0.5155387165497674,1.1673079880561619,0.8335880670099627,0.7141115074506428,181
mme4,z500,120,90.4987100366721,225.05176253345132,163.80776952248252,0.727867081237075,181
mme4,wind_speed,120,0.598265551163101,1.313820645295454,0.9425386667910202,0.7174028435053711,181
